{"cameraMode":{"drawMode":0,"name":"Shaded","section":"Shading Mode"},"sceneLighting":false,"audioPlay":false,"sceneViewState":{"showFog":true,"showMaterialUpdate":false,"showSkybox":false,"showFlares":true,"showImageEffects":true,"showParticleSystems":true},"in2DMode":false,"pivot":{"x":142.72088623046876,"y":20.770465850830079,"z":151.69967651367188},"rotation":{"x":0.00483864638954401,"y":-0.9942364692687988,"z":0.0951482504606247,"w":0.05043209716677666},"size":1.1251556873321534,"orthographic":false}