{"cameraMode":{"drawMode":0,"name":"Shaded","section":"Shading Mode"},"sceneLighting":false,"audioPlay":false,"sceneViewState":{"showFog":true,"showMaterialUpdate":false,"showSkybox":false,"showFlares":true,"showImageEffects":true,"showParticleSystems":true},"in2DMode":false,"pivot":{"x":0.20174145698547364,"y":-0.2502706050872803,"z":-1.31643807888031},"rotation":{"x":-0.2523512840270996,"y":-0.0608227476477623,"z":0.015972722321748735,"w":-0.9656753540039063},"size":6.199198246002197,"orthographic":false}